Shipment_ID,Region,Vehicle_Type,Distance_km,Shipment_Volume_kg,Fuel_Cost,Delivery_Time_days,Transportation_Cost,Shipment_Date,Delay_Status
1,West,Container,906,4186,6017.51,7.88,18257.52,2025-01-01,Delayed
2,Central,Container,447,4483,2864.01,5.28,12413.78,2025-01-02,On Time
3,East,Container,336,1148,11899.98,5.03,12558.25,2025-01-03,On Time
4,Central,Container,654,2376,11149.44,5.44,14234.66,2025-01-04,On Time
5,Central,Container,28,3297,6073.15,2.24,7975.46,2025-01-05,On Time
6,South,Truck,793,945,865.3,7.32,6847.01,2025-01-06,Delayed
7,East,Container,1116,1724,12665.46,8.15,16752.92,2025-01-07,Delayed
8,East,Truck,242,2959,665.56,2.34,7302.87,2025-01-08,On Time
9,East,Container,572,980,10703.65,4.23,12432.73,2025-01-09,On Time
10,Central,Mini Truck,735,4434,14568.73,5.82,19523.78,2025-01-10,On Time
11,West,Van,1127,773,6846.09,6.47,12002.58,2025-01-11,On Time
12,East,Truck,130,2990,3907.11,2.08,8350.87,2025-01-12,On Time
13,Central,Container,270,1139,10720.63,4.1,9828.02,2025-01-13,On Time
14,South,Mini Truck,402,4628,12348.36,1.54,17971.97,2025-01-14,On Time
15,West,Van,26,985,8423.24,3.18,7164.89,2025-01-15,On Time
16,South,Truck,478,2345,14522.01,5.28,14765.47,2025-01-16,On Time
17,West,Van,1127,205,1249.2,7.3,11050.85,2025-01-17,Delayed
18,Central,Mini Truck,227,1120,7819.54,3.3,8015.31,2025-01-18,On Time
19,North,Truck,919,2008,10917.58,6.61,17259.41,2025-01-19,On Time
20,West,Van,41,2551,13008.29,2.96,7908.23,2025-01-20,On Time
21,South,Container,429,4269,3099.21,4.87,11596.06,2025-01-21,On Time
22,Central,Truck,914,3880,12100.05,5.18,17408.16,2025-01-22,On Time
23,West,Van,534,904,8514.25,5.05,10376.72,2025-01-23,On Time
24,North,Mini Truck,1170,689,6250.03,7.79,15626.34,2025-01-24,Delayed
25,North,Mini Truck,828,2288,2409.87,6.18,11203.99,2025-01-25,On Time
26,East,Truck,893,1652,13046.79,5.73,11802.92,2025-01-26,On Time
27,East,Van,33,491,2780.46,3.43,2555.33,2025-01-27,On Time
28,South,Truck,990,4678,4991.92,8.04,19254.38,2025-01-28,Delayed
29,West,Truck,997,1386,4705.66,6.3,13708.43,2025-01-29,On Time
30,West,Van,1033,3750,13135.5,5.9,20328.71,2025-01-30,On Time
31,East,Van,1055,998,10254.19,6.98,14305.98,2025-01-31,On Time
32,West,Container,106,3423,12051.88,2.52,9482.11,2025-02-01,On Time
33,West,Van,928,509,4131.78,6.9,11606.57,2025-02-02,On Time
34,North,Mini Truck,141,4696,9560.67,3.54,11466.81,2025-02-03,On Time
35,East,Truck,1190,442,8790.32,8.9,17735.76,2025-02-04,Delayed
36,Central,Truck,769,3988,12576.04,6.74,18591.37,2025-02-05,On Time
37,East,Mini Truck,704,1837,13638.26,5.74,13489.92,2025-02-06,On Time
38,Central,Van,328,4990,676.27,1.93,10628.62,2025-02-07,On Time
39,North,Mini Truck,714,2307,10273.29,5.27,13828.73,2025-02-08,On Time
40,South,Mini Truck,307,1188,1251.62,4.27,5516.81,2025-02-09,On Time
41,West,Container,326,3858,8458.45,3.26,14230.71,2025-02-10,On Time
42,North,Mini Truck,933,4791,4670.67,7.19,17764.86,2025-02-11,Delayed
43,West,Truck,681,2504,4948.26,4.96,11038.44,2025-02-12,On Time
44,South,Mini Truck,568,1516,5617.9,3.63,12819.93,2025-02-13,On Time
45,South,Truck,331,3724,9508.74,3.22,12836.02,2025-02-14,On Time
46,North,Truck,892,1427,5343.72,6.76,13500.06,2025-02-15,On Time
47,South,Truck,1102,2647,11124.14,6.97,16967.61,2025-02-16,On Time
48,Central,Van,943,191,6365.65,6.5,11803.15,2025-02-17,On Time
49,South,Container,774,2709,1491.12,4.86,12444.06,2025-02-18,On Time
50,West,Truck,54,4646,11864.52,2.92,9919.11,2025-02-19,On Time
51,West,Truck,464,889,4643.5,3.78,10893.64,2025-02-20,On Time
52,West,Van,112,3668,6775.12,3.57,11905.26,2025-02-21,On Time
53,West,Truck,372,3967,10438.94,5.1,13184.33,2025-02-22,On Time
54,Central,Mini Truck,922,645,5320.61,6.54,9752.31,2025-02-23,On Time
55,East,Mini Truck,881,1954,1320.49,5.39,12162.51,2025-02-24,On Time
56,North,Container,178,330,5921.86,1.0,5321.7,2025-02-25,On Time
57,West,Truck,976,473,14194.5,5.45,15219.08,2025-02-26,On Time
58,South,Van,43,4415,9805.15,1.0,11885.67,2025-02-27,On Time
59,West,Mini Truck,423,4299,10236.45,5.23,15374.62,2025-02-28,On Time
60,South,Van,824,1800,9668.09,6.19,16046.79,2025-03-01,On Time
61,South,Van,535,4807,3385.39,4.86,14727.54,2025-03-02,On Time
62,West,Mini Truck,751,2017,6565.84,3.45,10957.06,2025-03-03,On Time
63,Central,Van,551,4138,11388.63,3.36,17844.86,2025-03-04,On Time
64,South,Mini Truck,975,4228,1969.91,7.8,18492.39,2025-03-05,Delayed
65,South,Van,171,2996,4528.87,2.74,13375.19,2025-03-06,On Time
66,West,Mini Truck,966,1499,4506.63,6.72,11068.58,2025-03-07,On Time
67,South,Truck,627,2381,6764.27,5.55,12519.32,2025-03-08,On Time
68,South,Container,439,2270,14715.35,5.57,10144.22,2025-03-09,On Time
69,West,Mini Truck,1160,3839,1478.79,7.72,17585.8,2025-03-10,Delayed
70,West,Mini Truck,885,2860,8021.16,6.49,14555.11,2025-03-11,On Time
71,North,Container,597,4778,3100.79,5.01,17113.44,2025-03-12,On Time
72,Central,Mini Truck,354,1581,14574.81,5.86,10342.76,2025-03-13,On Time
73,Central,Mini Truck,951,4932,2142.9,4.68,14422.24,2025-03-14,On Time
74,South,Van,314,3040,6352.21,3.93,9788.38,2025-03-15,On Time
75,Central,Container,774,4543,11199.33,5.69,15163.03,2025-03-16,On Time
76,South,Truck,205,1193,10716.04,3.21,9506.76,2025-03-17,On Time
77,North,Mini Truck,656,983,6629.57,4.49,7145.22,2025-03-18,On Time
78,West,Container,549,1510,5524.6,4.5,9833.3,2025-03-19,On Time
79,West,Van,40,2773,6265.38,2.43,4755.67,2025-03-20,On Time
80,West,Truck,930,2562,4332.01,9.78,13518.76,2025-03-21,Delayed
81,Central,Container,886,335,3477.33,7.23,12472.63,2025-03-22,Delayed
82,North,Truck,813,314,7504.08,5.17,11342.4,2025-03-23,On Time
83,Central,Truck,119,2417,4393.74,1.74,6020.07,2025-03-24,On Time
84,Central,Truck,771,3497,4668.19,5.33,14200.56,2025-03-25,On Time
85,North,Mini Truck,497,4966,10022.96,2.47,16160.06,2025-03-26,On Time
86,North,Mini Truck,959,1812,14543.79,6.5,17389.27,2025-03-27,On Time
87,North,Van,545,3098,9252.74,5.26,11395.17,2025-03-28,On Time
88,North,Van,353,2431,1616.2,2.19,9125.02,2025-03-29,On Time
89,West,Container,21,2319,1595.96,2.67,1348.5,2025-03-30,On Time
90,East,Van,394,90,14295.64,4.18,8545.65,2025-03-31,On Time
91,East,Truck,312,117,4810.72,2.5,4822.84,2025-04-01,On Time
92,North,Truck,856,1037,1834.97,6.11,11195.73,2025-04-02,On Time
93,East,Mini Truck,1024,4058,9186.15,8.79,18728.1,2025-04-03,Delayed
94,East,Truck,572,3248,9542.91,5.41,11879.67,2025-04-04,On Time
95,North,Container,337,4840,9903.32,3.38,13144.67,2025-04-05,On Time
96,East,Truck,400,2574,4377.33,3.48,10091.09,2025-04-06,On Time
97,Central,Truck,33,1135,719.1,1.76,3299.59,2025-04-07,On Time
98,South,Container,523,2529,14492.72,3.89,13381.27,2025-04-08,On Time
99,South,Van,250,1743,4137.95,1.0,6541.53,2025-04-09,On Time
100,North,Van,1127,2365,10302.38,9.8,18413.59,2025-04-10,Delayed
101,West,Container,149,828,10746.13,2.48,6618.61,2025-04-11,On Time
102,North,Mini Truck,857,4639,9345.11,6.66,18153.15,2025-04-12,On Time
103,West,Truck,1188,1635,5037.16,8.04,18174.41,2025-04-13,Delayed
104,South,Container,910,1542,4430.9,5.82,10208.29,2025-04-14,On Time
105,North,Truck,47,710,9166.19,1.58,3071.4,2025-04-15,On Time
106,Central,Mini Truck,85,1398,13058.39,1.0,9722.82,2025-04-16,On Time
107,East,Truck,280,1349,14227.64,5.33,9425.21,2025-04-17,On Time
108,West,Container,479,3990,2035.63,2.93,11252.12,2025-04-18,On Time
109,East,Truck,320,2036,2745.01,2.25,6603.02,2025-04-19,On Time
110,East,Van,938,2094,14198.68,6.27,16424.84,2025-04-20,On Time
111,North,Mini Truck,306,3566,11179.76,4.49,15307.72,2025-04-21,On Time
112,East,Mini Truck,1053,1108,13303.41,7.36,17145.39,2025-04-22,Delayed
113,Central,Mini Truck,649,1026,3438.17,3.87,10427.7,2025-04-23,On Time
114,East,Container,289,4627,9020.0,4.36,11485.16,2025-04-24,On Time
115,North,Mini Truck,611,777,10666.52,5.63,9260.05,2025-04-25,On Time
116,Central,Van,863,2577,10361.62,6.83,11337.45,2025-04-26,On Time
117,South,Container,881,3186,6418.2,7.11,14059.3,2025-04-27,Delayed
118,East,Van,152,392,723.23,4.74,4692.18,2025-04-28,On Time
119,North,Truck,991,1497,8952.43,9.19,15282.27,2025-04-29,Delayed
120,South,Truck,532,2429,4169.97,3.77,10226.72,2025-04-30,On Time
121,South,Truck,332,3709,7028.69,4.97,11846.09,2025-05-01,On Time
122,West,Truck,595,576,14384.92,5.19,10825.4,2025-05-02,On Time
123,Central,Van,905,1946,6286.01,7.03,13866.24,2025-05-03,Delayed
124,East,Container,1164,4804,12677.12,6.27,23303.81,2025-05-04,On Time
125,North,Container,1150,2123,3233.84,7.72,12292.51,2025-05-05,Delayed
126,West,Mini Truck,706,4965,10250.68,4.61,18332.71,2025-05-06,On Time
127,Central,Van,184,455,14666.6,3.35,9886.46,2025-05-07,On Time
128,West,Truck,324,1623,1977.45,4.37,6295.96,2025-05-08,On Time
129,Central,Van,175,4650,620.64,1.0,10843.27,2025-05-09,On Time
130,Central,Mini Truck,639,3790,6786.95,5.03,18594.41,2025-05-10,On Time
131,East,Mini Truck,976,4324,1843.07,8.04,15982.56,2025-05-11,Delayed
132,Central,Van,353,4277,11351.57,3.27,15002.51,2025-05-12,On Time
133,West,Van,988,1896,13760.96,7.72,15657.25,2025-05-13,Delayed
134,Central,Van,530,1528,6793.3,4.8,10381.53,2025-05-14,On Time
135,East,Container,1063,2445,4251.32,7.75,15549.87,2025-05-15,Delayed
136,East,Truck,301,821,6798.85,2.9,7511.36,2025-05-16,On Time
137,West,Van,816,628,10989.99,4.82,10986.95,2025-05-17,On Time
138,South,Van,1044,2951,631.29,6.18,14508.99,2025-05-18,On Time
139,South,Van,138,243,9047.08,2.98,8028.27,2025-05-19,On Time
140,Central,Mini Truck,1078,2057,9392.73,7.51,16869.91,2025-05-20,Delayed
141,North,Mini Truck,217,1235,9746.48,2.57,9642.75,2025-05-21,On Time
142,Central,Container,504,2444,4009.32,3.88,9945.74,2025-05-22,On Time
143,West,Truck,1102,3048,10853.76,7.32,19511.67,2025-05-23,Delayed
144,West,Container,856,1842,1825.18,7.3,11868.71,2025-05-24,Delayed
145,West,Truck,1028,1160,3389.42,6.88,10923.93,2025-05-25,On Time
146,West,Mini Truck,710,4055,13223.32,4.1,18068.44,2025-05-26,On Time
147,West,Mini Truck,1055,2311,11211.49,8.1,15542.97,2025-05-27,Delayed
148,East,Mini Truck,509,3786,699.31,4.12,10246.44,2025-05-28,On Time
149,South,Container,295,3843,4101.46,3.17,11044.0,2025-05-29,On Time
150,West,Van,712,1986,3608.89,7.06,11583.98,2025-05-30,Delayed
151,North,Van,261,4925,4426.69,2.93,10440.99,2025-05-31,On Time
152,North,Mini Truck,145,4407,4089.62,2.59,11982.84,2025-06-01,On Time
153,North,Van,236,779,1406.63,1.63,5606.83,2025-06-02,On Time
154,North,Van,1082,4428,7154.64,7.29,17945.03,2025-06-03,Delayed
155,East,Container,514,3501,11124.64,4.97,12150.75,2025-06-04,On Time
156,North,Truck,446,4507,9297.61,2.42,14565.31,2025-06-05,On Time
157,West,Mini Truck,938,4586,10256.64,6.91,18503.91,2025-06-06,On Time
158,Central,Mini Truck,170,2190,1676.66,2.55,6601.54,2025-06-07,On Time
159,North,Container,403,1694,14296.62,3.78,11424.14,2025-06-08,On Time
160,East,Container,327,2850,12658.13,4.35,9510.16,2025-06-09,On Time
161,East,Van,765,191,12173.81,6.08,11284.81,2025-06-10,On Time
162,North,Mini Truck,911,1505,12433.27,8.04,14638.71,2025-06-11,Delayed
163,Central,Truck,394,4846,14024.3,2.7,17480.0,2025-06-12,On Time
164,North,Container,1051,2146,8391.68,7.47,14716.79,2025-06-13,Delayed
165,East,Truck,148,1375,3404.09,2.41,8155.94,2025-06-14,On Time
166,South,Truck,1034,1263,9443.36,6.18,11804.22,2025-06-15,On Time
167,West,Mini Truck,688,1209,11271.78,6.28,14429.37,2025-06-16,On Time
168,East,Mini Truck,536,4700,11199.8,6.8,16121.45,2025-06-17,On Time
169,North,Container,105,4549,8061.01,2.07,12974.23,2025-06-18,On Time
170,West,Mini Truck,330,4747,1492.65,3.84,11602.63,2025-06-19,On Time
171,North,Mini Truck,1162,390,5881.14,8.04,14848.73,2025-06-20,Delayed
172,North,Mini Truck,446,3878,13851.12,3.26,14851.85,2025-06-21,On Time
173,South,Truck,133,2018,8974.51,1.0,6784.15,2025-06-22,On Time
174,West,Container,1188,753,8305.81,7.39,16871.29,2025-06-23,Delayed
175,West,Van,322,4463,4398.38,1.9,11839.71,2025-06-24,On Time
176,South,Truck,763,2479,5842.51,7.44,13399.72,2025-06-25,Delayed
177,East,Mini Truck,607,1850,13482.52,4.76,15402.01,2025-06-26,On Time
178,North,Truck,1006,4962,10163.71,6.74,18700.37,2025-06-27,On Time
179,Central,Mini Truck,364,4698,11917.11,4.41,16223.23,2025-06-28,On Time
180,North,Mini Truck,833,905,7088.01,5.01,10817.46,2025-06-29,On Time
181,North,Truck,820,1862,9638.58,5.29,13728.25,2025-06-30,On Time
182,East,Container,1044,2916,4101.56,7.37,15469.97,2025-07-01,Delayed
183,North,Mini Truck,1190,3692,10729.18,9.14,17762.88,2025-07-02,Delayed
184,South,Container,1096,232,6700.22,8.09,11492.82,2025-07-03,Delayed
185,South,Van,1112,3162,6916.91,7.93,19286.53,2025-07-04,Delayed
186,West,Mini Truck,380,4542,9915.17,3.69,15852.6,2025-07-05,On Time
187,Central,Container,1029,1567,14076.07,7.62,16615.16,2025-07-06,Delayed
188,North,Container,723,1406,1428.09,5.72,9957.52,2025-07-07,On Time
189,North,Van,594,2224,12458.78,3.77,13207.21,2025-07-08,On Time
190,East,Container,1132,3679,4739.56,7.83,19468.22,2025-07-09,Delayed
191,South,Container,707,3678,6936.83,4.35,14500.36,2025-07-10,On Time
192,Central,Van,800,4146,817.74,6.03,14452.97,2025-07-11,On Time
193,West,Mini Truck,604,3289,4865.17,4.37,14387.35,2025-07-12,On Time
194,South,Container,608,3741,7788.15,7.42,13235.3,2025-07-13,Delayed
195,West,Container,508,68,1314.55,4.28,8164.28,2025-07-14,On Time
196,East,Container,990,3453,7620.89,5.6,14671.12,2025-07-15,On Time
197,East,Truck,1145,4729,13943.1,7.73,24778.05,2025-07-16,Delayed
198,North,Van,513,4601,2028.2,4.87,12356.36,2025-07-17,On Time
199,Central,Truck,38,3054,11584.39,3.38,9775.49,2025-07-18,On Time
200,West,Van,416,1182,6440.23,3.22,5720.07,2025-07-19,On Time
201,South,Mini Truck,1020,3389,10000.02,5.58,17261.31,2025-07-20,On Time
202,East,Mini Truck,870,3361,4273.43,7.15,13137.49,2025-07-21,Delayed
203,North,Container,841,3422,2812.64,4.79,13133.95,2025-07-22,On Time
204,North,Van,474,1037,2826.71,3.7,7330.88,2025-07-23,On Time
205,West,Mini Truck,744,3371,1522.13,5.38,14177.93,2025-07-24,On Time
206,East,Van,1108,4665,3191.88,7.59,18490.06,2025-07-25,Delayed
207,Central,Mini Truck,1119,223,10131.18,8.41,14493.93,2025-07-26,Delayed
208,East,Truck,730,3791,13284.51,4.87,15732.8,2025-07-27,On Time
209,West,Mini Truck,162,3102,12304.82,2.13,10134.56,2025-07-28,On Time
210,West,Truck,936,776,10434.45,6.69,16202.14,2025-07-29,On Time
211,East,Mini Truck,847,3810,2101.26,6.36,13323.64,2025-07-30,On Time
212,West,Container,624,1925,4693.22,5.06,13206.44,2025-07-31,On Time
213,East,Truck,324,4083,4992.2,3.74,11299.18,2025-08-01,On Time
214,South,Mini Truck,755,1039,4124.38,6.54,10245.46,2025-08-02,On Time
215,East,Container,310,3794,7967.58,3.61,13765.2,2025-08-03,On Time
216,East,Truck,121,2736,8265.53,2.63,11072.77,2025-08-04,On Time
217,West,Container,886,469,5674.85,4.84,10811.48,2025-08-05,On Time
218,West,Van,987,643,5629.94,7.03,11448.62,2025-08-06,Delayed
219,North,Van,993,1824,12514.06,7.5,16176.04,2025-08-07,Delayed
220,North,Truck,861,2509,11944.75,7.01,16539.1,2025-08-08,Delayed
221,South,Mini Truck,981,985,4963.04,6.26,13599.52,2025-08-09,On Time
222,North,Truck,961,3858,13749.93,6.18,19493.82,2025-08-10,On Time
223,East,Container,1046,381,14315.82,6.74,16078.37,2025-08-11,On Time
224,West,Mini Truck,104,3499,5237.77,2.61,11571.26,2025-08-12,On Time
225,North,Van,347,2752,5639.16,4.46,10649.67,2025-08-13,On Time
226,North,Mini Truck,835,4056,7831.7,5.73,17172.57,2025-08-14,On Time
227,South,Van,473,3918,14146.25,5.04,13533.82,2025-08-15,On Time
228,South,Mini Truck,648,4250,13206.63,5.22,13435.23,2025-08-16,On Time
229,East,Mini Truck,1197,251,1987.24,8.03,12430.6,2025-08-17,Delayed
230,West,Mini Truck,684,2547,6194.6,5.09,12518.37,2025-08-18,On Time
231,South,Container,31,1892,8523.88,2.42,6497.18,2025-08-19,On Time
232,North,Container,1176,1916,7795.42,8.36,16575.69,2025-08-20,Delayed
233,West,Truck,323,2046,3311.01,5.57,7921.25,2025-08-21,On Time
234,West,Truck,994,959,12952.84,6.17,16815.67,2025-08-22,On Time
235,North,Van,802,4355,10315.64,6.47,17888.14,2025-08-23,On Time
236,South,Container,62,4708,12649.67,1.32,12065.0,2025-08-24,On Time
237,North,Van,963,3239,12952.08,5.98,19780.98,2025-08-25,On Time
238,West,Truck,362,820,11351.16,3.5,8973.21,2025-08-26,On Time
239,Central,Van,517,3205,6868.55,4.51,13337.3,2025-08-27,On Time
240,Central,Truck,383,2551,9352.93,6.55,10647.91,2025-08-28,On Time
241,East,Container,910,2764,2825.3,6.37,12640.11,2025-08-29,On Time
242,North,Mini Truck,446,4774,10267.86,2.85,15649.0,2025-08-30,On Time
243,North,Container,1024,3635,3099.17,7.46,15948.45,2025-08-31,Delayed
244,East,Van,40,1678,10562.27,1.0,8453.53,2025-09-01,On Time
245,East,Van,426,436,3829.17,3.77,6199.24,2025-09-02,On Time
246,East,Container,638,3471,2204.49,5.06,9527.53,2025-09-03,On Time
247,West,Container,1034,4058,2896.63,8.04,15923.66,2025-09-04,Delayed
248,North,Truck,355,4143,528.89,4.45,11630.34,2025-09-05,On Time
249,West,Van,1160,4413,10921.72,7.44,20476.04,2025-09-06,Delayed
250,East,Van,1167,2516,11119.82,7.83,17832.36,2025-09-07,Delayed
251,North,Container,418,2332,7966.53,3.06,12309.85,2025-09-08,On Time
252,West,Mini Truck,812,1906,2839.76,4.88,10480.96,2025-09-09,On Time
253,West,Van,734,2048,1711.54,5.89,8428.83,2025-09-10,On Time
254,East,Mini Truck,70,1286,777.37,1.0,3720.13,2025-09-11,On Time
255,North,Container,343,4719,2903.35,2.99,11312.41,2025-09-12,On Time
256,East,Container,808,4194,13417.41,4.99,17201.72,2025-09-13,On Time
257,North,Truck,160,1200,4002.28,2.94,5417.73,2025-09-14,On Time
258,Central,Van,489,4368,5636.93,6.02,14374.19,2025-09-15,On Time
259,South,Mini Truck,806,1481,2027.51,4.68,10565.2,2025-09-16,On Time
260,South,Truck,983,1869,3724.24,5.11,13631.46,2025-09-17,On Time
261,South,Van,1027,2374,8028.76,7.08,18507.18,2025-09-18,Delayed
262,East,Truck,392,1180,9312.41,3.69,8851.03,2025-09-19,On Time
263,Central,Container,513,2708,4057.61,4.57,11203.69,2025-09-20,On Time
264,North,Van,770,3550,1337.12,5.33,12389.17,2025-09-21,On Time
265,West,Truck,1199,424,6169.98,7.96,12317.95,2025-09-22,Delayed
266,North,Truck,310,2170,3895.95,3.59,7421.22,2025-09-23,On Time
267,West,Mini Truck,1187,4070,3683.53,9.13,17372.1,2025-09-24,Delayed
268,North,Truck,125,2071,14418.01,1.0,10892.02,2025-09-25,On Time
269,Central,Van,689,3755,9436.36,4.96,19170.84,2025-09-26,On Time
270,West,Van,21,3309,8574.74,1.83,8258.59,2025-09-27,On Time
271,East,Mini Truck,608,3485,6528.74,3.96,12951.62,2025-09-28,On Time
272,North,Van,663,1939,6719.69,6.91,11669.71,2025-09-29,On Time
273,North,Container,109,1873,8343.12,1.47,8395.29,2025-09-30,On Time
274,West,Van,369,1524,10598.23,3.51,10542.71,2025-10-01,On Time
275,East,Van,1151,2292,10681.12,8.45,19510.54,2025-10-02,Delayed
276,East,Truck,1082,3293,2989.56,6.92,12202.26,2025-10-03,On Time
277,Central,Truck,928,3184,7751.63,4.81,12532.68,2025-10-04,On Time
278,East,Van,178,2120,6473.39,2.06,7325.87,2025-10-05,On Time
279,East,Mini Truck,978,409,13122.64,7.96,15876.37,2025-10-06,Delayed
280,East,Truck,331,2091,9655.57,3.0,8015.48,2025-10-07,On Time
281,South,Mini Truck,464,1191,8221.31,3.23,5064.51,2025-10-08,On Time
282,Central,Van,317,1685,2173.22,4.19,7880.9,2025-10-09,On Time
283,North,Van,971,4050,9281.75,6.56,18657.1,2025-10-10,On Time
284,West,Container,55,1993,2199.46,1.3,3764.0,2025-10-11,On Time
285,North,Truck,1127,4824,5389.5,7.91,17860.01,2025-10-12,Delayed
286,Central,Van,578,3411,2571.21,5.48,10385.81,2025-10-13,On Time
287,West,Container,910,3030,10535.07,8.94,16878.08,2025-10-14,Delayed
288,Central,Truck,160,56,3490.66,3.22,2846.26,2025-10-15,On Time
289,East,Van,906,3317,6181.96,7.69,16328.28,2025-10-16,Delayed
290,West,Van,1161,1641,13487.28,7.44,13388.11,2025-10-17,Delayed
291,East,Truck,745,4978,3462.59,4.61,14553.63,2025-10-18,On Time
292,North,Truck,1069,3314,7863.17,7.5,15786.03,2025-10-19,Delayed
293,North,Truck,540,2656,6579.44,4.61,11422.29,2025-10-20,On Time
294,West,Van,29,3269,762.8,1.0,5795.41,2025-10-21,On Time
295,West,Van,1003,3323,11994.99,6.9,19603.51,2025-10-22,On Time
296,Central,Container,397,963,1501.17,4.1,3556.9,2025-10-23,On Time
297,Central,Mini Truck,701,2061,7376.7,5.75,12549.58,2025-10-24,On Time
298,East,Truck,603,1492,8629.84,5.35,12119.95,2025-10-25,On Time
299,West,Van,171,3104,9612.18,2.74,13373.24,2025-10-26,On Time
300,North,Van,739,3596,10485.16,5.1,15453.16,2025-10-27,On Time
301,Central,Truck,1092,4271,4172.45,7.05,18289.55,2025-10-28,Delayed
302,Central,Mini Truck,1197,4962,644.69,6.95,15738.85,2025-10-29,On Time
303,North,Truck,878,2978,10989.93,8.16,12949.54,2025-10-30,Delayed
304,Central,Mini Truck,69,1879,8267.02,1.9,8731.12,2025-10-31,On Time
305,East,Van,683,625,12623.71,5.07,12011.46,2025-11-01,On Time
306,West,Mini Truck,550,979,12410.13,3.63,13179.81,2025-11-02,On Time
307,North,Container,1103,3809,12728.23,10.56,18132.28,2025-11-03,Delayed
308,West,Van,876,3749,7533.87,5.29,17248.21,2025-11-04,On Time
309,Central,Container,165,1513,5337.61,1.99,9460.89,2025-11-05,On Time
310,Central,Truck,934,3325,11977.59,7.1,18481.22,2025-11-06,Delayed
311,North,Truck,1012,4978,7043.76,7.72,19643.19,2025-11-07,Delayed
312,East,Truck,261,1104,3159.91,3.91,6062.8,2025-11-08,On Time
313,South,Mini Truck,600,1950,12897.12,6.64,11082.67,2025-11-09,On Time
314,North,Van,706,1507,13297.12,5.93,15795.85,2025-11-10,On Time
315,South,Truck,502,1449,7261.49,3.23,9014.74,2025-11-11,On Time
316,South,Truck,1151,3465,1597.65,7.64,16921.4,2025-11-12,Delayed
317,East,Van,692,492,6123.48,5.65,7272.67,2025-11-13,On Time
318,South,Truck,650,3700,12151.3,7.18,14433.76,2025-11-14,Delayed
319,South,Container,680,4702,13575.72,3.88,20597.13,2025-11-15,On Time
320,East,Van,681,1228,3450.35,6.49,9176.67,2025-11-16,On Time
321,South,Van,824,4508,1471.12,6.26,17248.8,2025-11-17,On Time
322,South,Van,438,1307,13221.58,4.77,11174.71,2025-11-18,On Time
323,South,Container,1007,3684,6146.37,6.99,14170.38,2025-11-19,On Time
324,North,Van,669,1891,8355.53,4.37,13651.04,2025-11-20,On Time
325,North,Container,988,2359,14536.95,7.74,16845.6,2025-11-21,Delayed
326,North,Van,609,960,1465.19,5.54,9072.85,2025-11-22,On Time
327,East,Mini Truck,1120,4390,9900.61,8.69,20248.03,2025-11-23,Delayed
328,Central,Truck,528,4687,1574.53,4.42,10690.91,2025-11-24,On Time
329,South,Mini Truck,460,4059,5944.3,3.46,13295.45,2025-11-25,On Time
330,South,Truck,940,2219,12155.31,5.16,19597.19,2025-11-26,On Time
331,East,Container,789,2222,6785.35,6.7,13959.35,2025-11-27,On Time
332,South,Mini Truck,282,173,14959.14,3.49,8864.92,2025-11-28,On Time
333,North,Van,656,3208,8606.36,4.18,15885.24,2025-11-29,On Time
334,Central,Truck,478,835,5156.85,3.62,8397.4,2025-11-30,On Time
335,West,Truck,1018,2466,3691.61,6.69,14649.37,2025-12-01,On Time
336,South,Mini Truck,719,846,5582.55,4.01,8537.45,2025-12-02,On Time
337,North,Container,321,4222,5901.73,2.47,12517.38,2025-12-03,On Time
338,West,Mini Truck,1145,4204,1496.35,6.73,18742.89,2025-12-04,On Time
339,Central,Container,573,1986,5858.83,4.27,9559.5,2025-12-05,On Time
340,West,Container,307,2206,7231.46,2.47,11632.75,2025-12-06,On Time
341,North,Truck,640,3857,10979.7,3.43,15810.84,2025-12-07,On Time
342,West,Mini Truck,1025,1351,10022.58,9.22,13602.75,2025-12-08,Delayed
343,East,Mini Truck,55,4213,10777.1,3.06,13227.93,2025-12-09,On Time
344,West,Container,763,3190,621.27,4.96,11876.25,2025-12-10,On Time
345,South,Mini Truck,372,3286,3656.18,3.84,11523.93,2025-12-11,On Time
346,South,Van,92,2402,10094.42,2.43,8634.41,2025-12-12,On Time
347,East,Van,667,1982,7517.85,6.4,12050.51,2025-12-13,On Time
348,North,Mini Truck,1113,2771,577.05,6.86,15202.81,2025-12-14,On Time
349,South,Mini Truck,444,414,12165.17,5.06,10067.16,2025-12-15,On Time
350,Central,Container,1018,4966,11705.74,6.61,17896.71,2025-12-16,On Time
351,South,Van,727,2440,8452.08,4.2,11952.36,2025-12-17,On Time
352,South,Van,580,996,1463.72,5.45,9240.42,2025-12-18,On Time
353,North,Truck,847,1427,11614.47,7.5,13983.36,2025-12-19,Delayed
354,West,Container,975,1489,8963.85,9.5,13585.25,2025-12-20,Delayed
355,South,Truck,536,3230,11838.42,3.28,12438.59,2025-12-21,On Time
356,East,Van,447,4907,11400.33,4.68,14507.01,2025-12-22,On Time
357,West,Container,179,390,12143.53,2.08,4434.54,2025-12-23,On Time
358,Central,Mini Truck,168,3039,8011.12,3.22,9754.47,2025-12-24,On Time
359,North,Container,795,432,2534.71,4.45,8197.49,2025-12-25,On Time
360,Central,Mini Truck,86,1606,10231.78,1.0,6428.24,2025-12-26,On Time
361,West,Mini Truck,1033,349,9496.87,6.46,13209.22,2025-12-27,On Time
362,West,Container,400,188,11262.67,3.8,9169.89,2025-12-28,On Time
363,West,Mini Truck,77,408,2963.27,1.29,6604.94,2025-12-29,On Time
364,Central,Truck,361,4981,3327.14,4.16,10456.17,2025-12-30,On Time
365,West,Van,1173,1572,13410.94,9.04,19374.9,2025-12-31,Delayed
366,Central,Mini Truck,746,3506,11374.68,6.24,17867.79,2026-01-01,On Time
367,West,Truck,789,1677,13669.31,7.5,13643.12,2026-01-02,Delayed
368,East,Mini Truck,633,1353,11501.37,5.43,12623.83,2026-01-03,On Time
369,West,Van,373,1184,9158.75,2.36,8479.11,2026-01-04,On Time
370,Central,Truck,135,2236,9984.92,3.61,9407.26,2026-01-05,On Time
371,South,Van,681,3220,13392.35,4.68,18429.02,2026-01-06,On Time
372,West,Van,472,3885,8892.7,5.03,14824.35,2026-01-07,On Time
373,South,Truck,306,2201,9669.67,4.77,11096.8,2026-01-08,On Time
374,East,Truck,1036,1287,2768.91,7.71,11742.16,2026-01-09,Delayed
375,North,Truck,330,3785,7371.86,1.84,9871.57,2026-01-10,On Time
376,East,Container,227,2884,10887.76,1.84,10840.01,2026-01-11,On Time
377,West,Truck,637,4310,4428.67,6.36,16120.95,2026-01-12,On Time
378,South,Truck,465,1048,3432.69,3.91,5402.69,2026-01-13,On Time
379,South,Truck,689,2617,5050.49,5.41,10822.54,2026-01-14,On Time
380,Central,Truck,652,1357,4001.76,5.88,10041.52,2026-01-15,On Time
381,South,Mini Truck,74,706,3616.23,2.61,2639.7,2026-01-16,On Time
382,Central,Container,931,2710,6660.34,6.95,13855.33,2026-01-17,On Time
383,North,Van,1055,2261,13663.66,7.15,17178.38,2026-01-18,Delayed
384,West,Truck,676,1959,7852.36,4.94,10246.4,2026-01-19,On Time
385,Central,Mini Truck,999,3780,3224.85,7.91,14529.51,2026-01-20,Delayed
386,North,Mini Truck,534,2096,1616.09,5.02,10236.77,2026-01-21,On Time
387,South,Mini Truck,256,3212,10594.26,2.66,9812.94,2026-01-22,On Time
388,South,Van,367,1190,6050.58,4.62,5641.9,2026-01-23,On Time
389,North,Truck,646,316,12416.55,4.96,10242.75,2026-01-24,On Time
390,South,Container,1147,1895,10062.91,7.02,17838.45,2026-01-25,Delayed
391,North,Container,649,1758,12045.5,4.35,12949.54,2026-01-26,On Time
392,Central,Mini Truck,383,3680,4443.22,2.65,10642.25,2026-01-27,On Time
393,Central,Van,340,3261,10539.2,3.12,12566.76,2026-01-28,On Time
394,North,Van,305,2343,4328.9,4.43,6051.05,2026-01-29,On Time
395,Central,Van,168,3782,14116.49,1.63,13899.83,2026-01-30,On Time
396,Central,Container,1127,3879,9727.43,7.95,20014.25,2026-01-31,Delayed
397,Central,Mini Truck,425,1560,5205.42,3.2,8147.93,2026-02-01,On Time
398,East,Truck,997,525,4407.92,6.78,13015.16,2026-02-02,On Time
399,West,Container,475,1026,3268.44,2.63,5991.71,2026-02-03,On Time
400,South,Mini Truck,819,1257,10572.29,5.83,15029.67,2026-02-04,On Time
401,East,Mini Truck,1032,2010,3671.38,7.04,13987.72,2026-02-05,Delayed
402,Central,Truck,803,607,9131.9,6.5,11225.84,2026-02-06,On Time
403,North,Truck,479,932,4337.21,4.38,7918.21,2026-02-07,On Time
404,Central,Truck,757,2244,10098.55,4.51,13995.6,2026-02-08,On Time
405,West,Van,528,4811,12316.63,5.52,18781.74,2026-02-09,On Time
406,Central,Truck,500,2717,11781.37,4.49,11783.96,2026-02-10,On Time
407,North,Mini Truck,133,4727,11532.34,2.44,12247.04,2026-02-11,On Time
408,West,Truck,768,4840,3221.97,5.76,17286.15,2026-02-12,On Time
409,Central,Mini Truck,380,1660,1781.58,3.09,6460.25,2026-02-13,On Time
410,West,Container,360,3538,10634.76,3.72,14459.96,2026-02-14,On Time
411,South,Van,789,2504,5841.03,6.36,15861.52,2026-02-15,On Time
412,South,Container,780,4544,6769.02,4.09,16022.46,2026-02-16,On Time
413,Central,Container,988,1996,951.66,6.45,13453.13,2026-02-17,On Time
414,West,Mini Truck,468,4860,4263.86,3.85,11995.81,2026-02-18,On Time
415,North,Container,854,4849,988.31,6.5,16783.51,2026-02-19,On Time
416,Central,Mini Truck,330,2858,13248.19,4.53,13063.0,2026-02-20,On Time
417,South,Truck,281,3875,4029.25,2.29,11380.3,2026-02-21,On Time
418,South,Truck,425,3586,8581.39,3.36,12014.13,2026-02-22,On Time
419,Central,Mini Truck,162,3852,1065.2,1.89,6155.19,2026-02-23,On Time
420,West,Truck,361,4227,10169.29,2.7,14742.63,2026-02-24,On Time
421,South,Van,1144,4749,5183.9,7.51,16194.76,2026-02-25,Delayed
422,West,Container,263,2020,13519.83,3.73,10589.91,2026-02-26,On Time
423,South,Van,509,3872,13377.71,3.27,17173.97,2026-02-27,On Time
424,South,Container,31,2869,5216.71,2.1,7865.2,2026-02-28,On Time
425,East,Truck,580,952,13563.93,3.02,14937.89,2026-03-01,On Time
426,South,Van,61,414,14944.29,1.28,9077.16,2026-03-02,On Time
427,North,Truck,697,4308,12468.53,5.04,16621.14,2026-03-03,On Time
428,Central,Container,613,3169,12750.63,6.58,15361.19,2026-03-04,On Time
429,Central,Mini Truck,153,2608,4110.63,2.08,7703.66,2026-03-05,On Time
430,West,Mini Truck,1110,1913,8862.18,5.47,13678.0,2026-03-06,On Time
431,South,Van,1050,165,1475.21,5.33,8953.23,2026-03-07,On Time
432,North,Truck,967,2434,1876.31,6.91,12402.57,2026-03-08,On Time
433,West,Truck,92,3985,14983.94,2.62,10103.55,2026-03-09,On Time
434,East,Van,418,4985,5236.27,4.2,13925.43,2026-03-10,On Time
435,West,Mini Truck,597,2540,11348.67,4.98,13384.43,2026-03-11,On Time
436,West,Container,878,992,12196.64,7.54,11471.48,2026-03-12,Delayed
437,South,Van,149,1774,12941.34,1.79,10188.79,2026-03-13,On Time
438,East,Container,950,2384,14965.61,7.67,18687.77,2026-03-14,Delayed
439,West,Mini Truck,285,2817,4001.7,1.45,9446.65,2026-03-15,On Time
440,North,Truck,812,1187,1085.09,5.11,9370.18,2026-03-16,On Time
441,North,Mini Truck,272,2577,6462.28,1.2,10390.46,2026-03-17,On Time
442,Central,Van,841,4167,2386.17,5.9,16033.99,2026-03-18,On Time
443,East,Truck,183,3470,825.18,2.47,8618.92,2026-03-19,On Time
444,East,Van,114,4828,5726.19,2.25,10121.25,2026-03-20,On Time
445,Central,Van,852,3956,11864.2,6.3,18517.37,2026-03-21,On Time
446,West,Mini Truck,1153,3687,8709.62,6.98,20796.09,2026-03-22,On Time
447,East,Van,355,3003,5035.28,3.28,9411.9,2026-03-23,On Time
448,North,Mini Truck,841,2417,9987.96,4.67,18196.19,2026-03-24,On Time
449,North,Truck,257,4271,3864.26,4.29,10226.55,2026-03-25,On Time
450,South,Mini Truck,400,326,708.53,3.42,5185.6,2026-03-26,On Time
451,East,Truck,918,2049,11583.12,6.11,14662.87,2026-03-27,On Time
452,West,Mini Truck,502,1277,9544.27,5.88,10806.9,2026-03-28,On Time
453,Central,Container,921,3802,11553.39,5.37,15701.35,2026-03-29,On Time
454,Central,Container,1068,3785,1064.6,6.31,14975.05,2026-03-30,On Time
455,West,Van,1160,745,12638.23,6.85,14382.7,2026-03-31,On Time
456,South,Mini Truck,501,1359,9483.13,4.22,10768.6,2026-04-01,On Time
457,Central,Mini Truck,936,4202,8669.23,7.13,19516.9,2026-04-02,Delayed
458,East,Truck,1013,3284,9556.9,7.87,18543.93,2026-04-03,Delayed
459,South,Van,983,4164,13034.28,9.53,16314.51,2026-04-04,Delayed
460,East,Mini Truck,556,2361,9010.58,2.34,15406.31,2026-04-05,On Time
461,North,Van,1122,2891,8923.78,8.34,18078.74,2026-04-06,Delayed
462,South,Container,1055,4258,14864.85,6.8,20064.95,2026-04-07,On Time
463,Central,Mini Truck,147,3609,11472.59,1.73,12040.6,2026-04-08,On Time
464,South,Mini Truck,111,3448,6913.26,1.5,9943.93,2026-04-09,On Time
465,South,Van,562,591,10757.26,3.71,9347.27,2026-04-10,On Time
466,South,Mini Truck,865,2744,6143.84,7.99,14683.22,2026-04-11,Delayed
467,South,Van,1008,4724,3818.69,7.94,16775.33,2026-04-12,Delayed
468,East,Mini Truck,466,1138,9154.35,4.11,9232.48,2026-04-13,On Time
469,North,Truck,409,3413,13958.64,5.12,13447.61,2026-04-14,On Time
470,West,Van,691,74,13972.52,3.83,9580.38,2026-04-15,On Time
471,South,Mini Truck,62,1622,5457.63,1.0,6257.92,2026-04-16,On Time
472,Central,Container,273,3008,8151.32,1.0,11626.91,2026-04-17,On Time
473,South,Mini Truck,1173,4286,3568.72,7.32,19034.38,2026-04-18,Delayed
474,Central,Container,1103,1817,14936.65,7.79,19207.22,2026-04-19,Delayed
475,East,Container,682,4793,14726.21,5.39,19486.18,2026-04-20,On Time
476,Central,Truck,486,2285,9917.88,4.35,11187.67,2026-04-21,On Time
477,West,Van,306,250,12164.0,1.79,9539.9,2026-04-22,On Time
478,North,Mini Truck,1030,3248,10868.95,8.03,16079.86,2026-04-23,Delayed
479,Central,Truck,797,306,9100.79,6.17,9869.27,2026-04-24,On Time
480,Central,Mini Truck,364,3797,1273.55,4.26,8806.94,2026-04-25,On Time
481,North,Container,661,4692,7094.08,3.28,17629.01,2026-04-26,On Time
482,West,Van,401,2291,10284.4,4.04,12858.22,2026-04-27,On Time
483,South,Mini Truck,709,3225,10324.21,4.25,16053.93,2026-04-28,On Time
484,Central,Mini Truck,1099,3656,5910.28,7.21,19152.49,2026-04-29,Delayed
485,North,Container,476,3386,14154.53,4.68,13722.16,2026-04-30,On Time
486,East,Mini Truck,1002,4947,2926.68,7.16,18183.73,2026-05-01,Delayed
487,North,Mini Truck,102,463,7755.21,1.22,5237.06,2026-05-02,On Time
488,East,Container,1142,2064,10517.82,7.85,18383.56,2026-05-03,Delayed
489,West,Truck,168,1431,10608.47,1.0,8230.63,2026-05-04,On Time
490,South,Container,1199,1148,9905.26,9.31,15403.43,2026-05-05,Delayed
491,North,Truck,209,3476,4491.68,2.46,10469.45,2026-05-06,On Time
492,Central,Van,902,3705,2765.0,7.63,16255.5,2026-05-07,Delayed
493,West,Truck,282,959,9721.13,2.54,7294.38,2026-05-08,On Time
494,North,Truck,1123,237,9189.88,7.22,13664.34,2026-05-09,Delayed
495,Central,Van,419,4094,3100.66,3.06,10190.57,2026-05-10,On Time
496,North,Truck,783,3806,10724.52,6.73,13179.49,2026-05-11,On Time
497,East,Container,628,2065,7099.99,4.28,12107.19,2026-05-12,On Time
498,North,Truck,804,2142,10182.53,6.61,15322.24,2026-05-13,On Time
499,North,Van,120,3694,12641.82,1.78,12518.74,2026-05-14,On Time
500,North,Container,839,2180,2961.06,4.19,9294.03,2026-05-15,On Time
501,West,Van,839,407,777.6,5.59,8268.39,2026-05-16,On Time
502,North,Van,439,2472,11796.99,2.76,9221.42,2026-05-17,On Time
503,Central,Mini Truck,143,4307,9340.61,2.33,14128.27,2026-05-18,On Time
504,East,Mini Truck,441,4595,10644.77,2.76,13717.09,2026-05-19,On Time
505,East,Van,1106,1547,12653.25,8.57,18680.24,2026-05-20,Delayed
506,North,Van,787,2208,12140.76,5.78,16476.07,2026-05-21,On Time
507,West,Van,502,2605,14433.34,4.11,12824.28,2026-05-22,On Time
508,West,Mini Truck,538,2392,8271.06,5.14,10287.69,2026-05-23,On Time
509,Central,Mini Truck,174,3001,7583.19,3.43,10273.17,2026-05-24,On Time
510,North,Truck,111,1288,6327.36,2.1,4968.09,2026-05-25,On Time
511,East,Truck,1001,1023,2728.52,6.29,11851.21,2026-05-26,On Time
512,West,Van,474,4777,8802.8,2.36,14514.24,2026-05-27,On Time
513,North,Container,617,4015,4516.68,4.24,11067.6,2026-05-28,On Time
514,West,Container,529,1100,13858.96,3.82,8586.93,2026-05-29,On Time
515,West,Mini Truck,405,3751,8956.27,3.86,13541.22,2026-05-30,On Time
516,East,Mini Truck,424,2830,9096.18,3.51,11178.33,2026-05-31,On Time
517,South,Mini Truck,265,1638,5646.41,3.66,6923.61,2026-06-01,On Time
518,Central,Van,761,3928,1253.85,5.11,14662.64,2026-06-02,On Time
519,Central,Container,680,2418,960.28,5.22,12363.26,2026-06-03,On Time
520,East,Truck,669,486,6638.36,6.4,9195.61,2026-06-04,On Time
521,West,Van,920,2878,1726.2,6.95,12970.27,2026-06-05,On Time
522,North,Truck,84,1606,9299.28,1.91,8285.96,2026-06-06,On Time
523,West,Truck,1056,3908,13274.11,6.76,18120.53,2026-06-07,On Time
524,East,Van,232,1354,13302.26,2.16,10077.52,2026-06-08,On Time
525,Central,Truck,261,2434,10056.16,2.1,11286.48,2026-06-09,On Time
526,West,Container,512,232,3562.86,3.8,7911.35,2026-06-10,On Time
527,Central,Truck,357,1639,13013.45,4.24,8164.08,2026-06-11,On Time
528,North,Container,192,1637,13348.35,2.34,8721.39,2026-06-12,On Time
529,Central,Container,691,709,3351.48,3.99,7647.12,2026-06-13,On Time
530,Central,Container,183,209,11192.68,4.28,7044.77,2026-06-14,On Time
531,South,Mini Truck,484,4003,4654.53,4.51,13426.7,2026-06-15,On Time
532,South,Truck,1014,1061,12138.28,5.73,17396.97,2026-06-16,On Time
533,South,Van,516,102,14959.95,3.92,9974.53,2026-06-17,On Time
534,Central,Van,719,2357,935.38,5.61,10068.52,2026-06-18,On Time
535,East,Truck,414,1278,13511.81,5.5,12882.64,2026-06-19,On Time
536,Central,Mini Truck,722,1085,9528.14,4.4,12383.22,2026-06-20,On Time
537,East,Mini Truck,327,3752,14614.05,4.29,16460.39,2026-06-21,On Time
538,East,Container,202,4095,7242.64,4.02,11926.52,2026-06-22,On Time
539,South,Truck,648,4995,12787.12,4.47,16616.32,2026-06-23,On Time
540,West,Truck,529,4499,1404.71,4.16,10672.46,2026-06-24,On Time
541,North,Van,565,1314,5361.55,3.6,7240.27,2026-06-25,On Time
542,South,Truck,643,1934,1471.74,4.87,10753.19,2026-06-26,On Time
543,South,Mini Truck,613,1859,14642.48,4.87,15800.26,2026-06-27,On Time
544,West,Truck,763,3217,12346.12,6.4,19224.69,2026-06-28,On Time
545,North,Van,573,3847,12861.94,5.77,17320.84,2026-06-29,On Time
546,Central,Container,40,2391,14100.5,1.0,11785.93,2026-06-30,On Time
547,Central,Van,573,3464,1734.0,2.72,10716.88,2026-07-01,On Time
548,South,Van,416,867,6091.17,3.79,6225.78,2026-07-02,On Time
549,North,Container,644,2487,1530.01,5.37,11893.12,2026-07-03,On Time
550,South,Van,124,938,3556.5,2.44,5470.3,2026-07-04,On Time
551,East,Van,211,717,3825.8,2.35,5463.7,2026-07-05,On Time
552,South,Truck,36,4778,7302.05,1.82,11791.78,2026-07-06,On Time
553,South,Truck,1163,2674,4394.15,9.48,16537.73,2026-07-07,Delayed
554,Central,Container,412,4282,1964.18,4.17,13532.19,2026-07-08,On Time
555,Central,Truck,444,4573,2928.62,3.59,14579.0,2026-07-09,On Time
556,Central,Truck,148,868,2635.5,1.82,5424.75,2026-07-10,On Time
557,East,Van,1173,2238,14609.61,7.85,20323.07,2026-07-11,Delayed
558,Central,Mini Truck,591,1156,11509.74,6.42,12461.5,2026-07-12,On Time
559,North,Truck,48,2274,14532.54,1.58,9389.63,2026-07-13,On Time
560,West,Mini Truck,1140,247,6876.24,7.81,14232.03,2026-07-14,Delayed
561,North,Truck,1053,2721,4536.34,6.87,13201.48,2026-07-15,On Time
562,North,Truck,261,3542,12075.25,4.05,14408.18,2026-07-16,On Time
563,Central,Container,251,2498,5230.68,4.85,6993.95,2026-07-17,On Time
564,West,Container,808,520,4841.06,6.44,10567.08,2026-07-18,On Time
565,West,Container,734,1998,3871.34,5.66,10156.24,2026-07-19,On Time
566,West,Mini Truck,778,3949,2380.35,5.86,15010.7,2026-07-20,On Time
567,East,Van,821,2060,4218.71,3.68,12283.66,2026-07-21,On Time
568,Central,Truck,795,3850,5652.14,6.66,12921.11,2026-07-22,On Time
569,West,Truck,745,4168,10272.92,5.77,17638.57,2026-07-23,On Time
570,East,Truck,219,3846,1407.19,3.15,8346.64,2026-07-24,On Time
571,South,Mini Truck,964,4038,3552.35,6.14,17534.04,2026-07-25,On Time
572,South,Container,98,284,12230.84,1.66,6692.78,2026-07-26,On Time
573,East,Van,975,978,2630.37,6.51,11980.76,2026-07-27,On Time
574,East,Mini Truck,875,3657,5468.35,7.38,14163.07,2026-07-28,Delayed
575,Central,Container,486,572,13037.55,3.82,9625.15,2026-07-29,On Time
576,Central,Mini Truck,600,3573,2746.42,6.92,11632.79,2026-07-30,On Time
577,South,Van,959,4576,1699.68,7.26,17615.94,2026-07-31,Delayed
578,West,Container,468,4938,7525.8,2.82,17501.1,2026-08-01,On Time
579,South,Mini Truck,106,1679,4885.08,1.96,5068.52,2026-08-02,On Time
580,West,Van,120,4678,8669.42,1.51,13826.57,2026-08-03,On Time
581,West,Truck,1051,1366,12155.17,5.14,12656.79,2026-08-04,On Time
582,Central,Van,864,2907,2488.65,7.9,11552.24,2026-08-05,Delayed
583,North,Truck,106,1174,8920.14,2.79,5492.88,2026-08-06,On Time
584,North,Mini Truck,62,2637,7829.88,2.38,6363.19,2026-08-07,On Time
585,East,Container,427,1073,2589.14,4.04,4756.32,2026-08-08,On Time
586,Central,Container,683,1428,9547.98,3.91,12767.29,2026-08-09,On Time
587,West,Mini Truck,1060,3424,4467.79,6.91,16058.62,2026-08-10,On Time
588,North,Container,167,1569,7573.6,3.27,8109.37,2026-08-11,On Time
589,West,Container,296,276,1692.95,2.09,5610.24,2026-08-12,On Time
590,North,Truck,251,941,7163.97,1.0,7525.31,2026-08-13,On Time
591,North,Mini Truck,385,4122,4943.72,3.41,13179.95,2026-08-14,On Time
592,North,Van,455,2307,12424.53,3.89,12544.79,2026-08-15,On Time
593,Central,Truck,418,2838,1326.19,3.96,7484.68,2026-08-16,On Time
594,South,Mini Truck,518,446,6569.81,5.11,9899.15,2026-08-17,On Time
595,West,Truck,559,2128,7147.26,5.24,10481.87,2026-08-18,On Time
596,Central,Van,582,4794,11012.59,4.99,15498.01,2026-08-19,On Time
597,Central,Van,461,4474,8827.17,5.26,14421.63,2026-08-20,On Time
598,Central,Mini Truck,792,3287,10174.58,4.38,14658.39,2026-08-21,On Time
599,Central,Van,369,3943,11767.21,4.05,13558.88,2026-08-22,On Time
600,Central,Truck,539,2055,13001.94,5.12,13661.26,2026-08-23,On Time
601,East,Van,157,2066,5051.19,1.13,7845.43,2026-08-24,On Time
602,West,Truck,1011,3221,8301.33,5.61,15678.22,2026-08-25,On Time
603,Central,Truck,387,2718,12681.57,2.9,12079.99,2026-08-26,On Time
604,West,Van,379,1928,14847.04,2.94,13931.96,2026-08-27,On Time
605,East,Mini Truck,940,1246,13398.03,7.48,16022.91,2026-08-28,Delayed
606,East,Container,348,1822,5886.28,2.82,11889.79,2026-08-29,On Time
607,West,Van,981,211,3329.91,6.09,12300.16,2026-08-30,On Time
608,North,Truck,482,4026,7596.19,3.57,15470.11,2026-08-31,On Time
609,South,Truck,965,1801,11253.8,7.98,13478.53,2026-09-01,Delayed
610,North,Van,982,825,7642.25,6.97,14114.08,2026-09-02,On Time
611,North,Mini Truck,855,989,7506.12,6.07,12070.98,2026-09-03,On Time
612,North,Mini Truck,188,3270,12654.34,2.43,11211.55,2026-09-04,On Time
613,Central,Truck,236,589,5740.35,4.1,6232.65,2026-09-05,On Time
614,East,Truck,397,4967,12967.02,2.96,17782.78,2026-09-06,On Time
615,North,Mini Truck,138,1511,6398.67,3.58,7561.28,2026-09-07,On Time
616,East,Container,209,405,5259.38,2.87,4002.57,2026-09-08,On Time
617,West,Van,786,3654,7082.85,5.71,16561.69,2026-09-09,On Time
618,South,Truck,389,3373,11555.48,6.16,12459.54,2026-09-10,On Time
619,West,Truck,168,284,2327.03,1.38,4109.48,2026-09-11,On Time
620,West,Mini Truck,671,1598,3348.08,4.87,9681.8,2026-09-12,On Time
621,Central,Van,789,2146,14295.95,4.65,15406.28,2026-09-13,On Time
622,South,Mini Truck,393,4263,3044.63,4.64,12953.48,2026-09-14,On Time
623,West,Van,800,2151,8732.05,7.63,12322.43,2026-09-15,Delayed
624,West,Van,179,1723,8900.06,4.16,11249.31,2026-09-16,On Time
625,South,Van,370,2150,7599.55,4.78,7313.22,2026-09-17,On Time
626,South,Truck,911,3707,9848.81,6.36,16599.08,2026-09-18,On Time
627,West,Container,542,4703,3832.49,4.15,14487.19,2026-09-19,On Time
628,South,Mini Truck,541,3646,8513.6,2.83,14853.23,2026-09-20,On Time
629,West,Container,802,3798,5896.51,7.99,15226.07,2026-09-21,Delayed
630,West,Mini Truck,292,3223,10094.18,3.59,11817.38,2026-09-22,On Time
631,Central,Van,955,1865,2547.74,6.31,13145.03,2026-09-23,On Time
632,North,Truck,202,3891,8777.72,3.95,11378.1,2026-09-24,On Time
633,West,Container,507,2055,3186.42,3.34,11543.52,2026-09-25,On Time
634,East,Truck,865,4543,4540.32,6.71,17782.64,2026-09-26,On Time
635,North,Mini Truck,143,724,3671.29,2.12,6024.19,2026-09-27,On Time
636,North,Truck,1004,436,3151.15,7.72,9539.67,2026-09-28,Delayed
637,North,Truck,809,2208,12472.81,5.93,15230.4,2026-09-29,On Time
638,Central,Container,433,2711,4642.76,2.45,9904.77,2026-09-30,On Time
639,West,Van,705,2114,13943.29,5.49,13382.75,2026-10-01,On Time
640,Central,Truck,132,3901,14563.93,3.28,13745.12,2026-10-02,On Time
641,West,Van,907,3303,8783.28,6.51,15678.18,2026-10-03,On Time
642,Central,Mini Truck,141,4686,2573.52,3.06,11240.84,2026-10-04,On Time
643,Central,Truck,58,4316,5930.95,1.0,8608.54,2026-10-05,On Time
644,East,Container,516,789,12067.12,4.34,13313.55,2026-10-06,On Time
645,Central,Mini Truck,799,1451,5827.17,5.31,10463.51,2026-10-07,On Time
646,South,Mini Truck,962,3309,1761.75,7.59,14805.07,2026-10-08,Delayed
647,East,Container,168,2327,8573.38,2.46,10222.97,2026-10-09,On Time
648,Central,Truck,1041,3954,12754.25,7.97,19067.03,2026-10-10,Delayed
649,North,Truck,680,3973,12040.93,6.37,18092.53,2026-10-11,On Time
650,South,Mini Truck,321,4264,3039.29,3.97,9383.97,2026-10-12,On Time
651,South,Truck,257,3277,10255.09,3.2,13938.96,2026-10-13,On Time
652,South,Van,666,2881,3697.31,4.2,12164.78,2026-10-14,On Time
653,East,Container,682,3808,3664.01,5.29,12755.79,2026-10-15,On Time
654,Central,Van,255,2562,13174.04,2.38,11245.14,2026-10-16,On Time
655,Central,Truck,222,2201,4120.2,2.39,8932.95,2026-10-17,On Time
656,North,Mini Truck,275,3725,4317.09,2.65,9621.8,2026-10-18,On Time
657,North,Container,617,2795,509.47,3.95,9382.78,2026-10-19,On Time
658,South,Truck,681,3916,13124.7,3.33,16783.34,2026-10-20,On Time
659,North,Truck,254,3814,11992.62,2.24,11384.98,2026-10-21,On Time
660,East,Mini Truck,553,2272,9596.27,4.77,15121.51,2026-10-22,On Time
661,Central,Mini Truck,879,2842,11378.85,5.04,15628.01,2026-10-23,On Time
662,South,Van,789,1747,2704.7,5.9,12326.57,2026-10-24,On Time
663,North,Container,560,3512,7145.69,6.51,13763.2,2026-10-25,On Time
664,East,Container,232,4113,5592.68,3.81,9706.14,2026-10-26,On Time
665,East,Mini Truck,482,1574,1859.76,5.82,8058.98,2026-10-27,On Time
666,North,Van,455,4810,7548.89,4.42,15873.12,2026-10-28,On Time
667,Central,Container,302,82,13850.72,4.35,8304.36,2026-10-29,On Time
668,North,Mini Truck,107,4075,1080.86,1.37,10336.47,2026-10-30,On Time
669,South,Truck,1087,2616,4726.18,6.89,17006.44,2026-10-31,On Time
670,North,Container,480,2853,3509.34,1.43,11926.14,2026-11-01,On Time
671,East,Van,297,3946,3953.13,4.34,10189.11,2026-11-02,On Time
672,North,Van,440,3759,13672.3,5.48,13524.04,2026-11-03,On Time
673,Central,Van,715,769,7287.0,4.92,9703.57,2026-11-04,On Time
674,West,Truck,534,4629,7261.34,4.21,15251.33,2026-11-05,On Time
675,North,Container,722,1022,11528.35,4.76,13362.6,2026-11-06,On Time
676,Central,Container,38,3768,2740.14,2.09,4857.69,2026-11-07,On Time
677,Central,Truck,42,4452,7565.35,2.86,10849.7,2026-11-08,On Time
678,East,Container,432,4602,6734.79,2.16,14153.31,2026-11-09,On Time
679,Central,Truck,1073,2257,9155.21,7.87,15957.51,2026-11-10,Delayed
680,Central,Truck,127,4476,14993.59,1.93,16114.67,2026-11-11,On Time
681,Central,Truck,1171,4370,11657.01,8.12,21835.62,2026-11-12,Delayed
682,Central,Van,1154,3080,6269.05,8.37,19211.46,2026-11-13,Delayed
683,South,Container,155,3625,12499.52,2.17,11928.39,2026-11-14,On Time
684,South,Truck,381,3166,2975.27,3.51,11444.56,2026-11-15,On Time
685,East,Container,148,3335,941.72,2.11,10168.7,2026-11-16,On Time
686,North,Van,534,693,3464.5,5.44,9691.62,2026-11-17,On Time
687,Central,Truck,468,4761,5435.97,4.52,12349.88,2026-11-18,On Time
688,North,Mini Truck,1147,244,7903.42,8.09,13127.68,2026-11-19,Delayed
689,North,Van,893,4046,9419.37,5.19,17192.03,2026-11-20,On Time
690,East,Mini Truck,492,538,13703.78,3.85,11473.21,2026-11-21,On Time
691,Central,Container,1053,2254,7892.88,8.25,16797.04,2026-11-22,Delayed
692,Central,Container,321,2707,7768.5,3.32,9289.13,2026-11-23,On Time
693,West,Van,250,3326,1228.52,3.55,8720.74,2026-11-24,On Time
694,North,Container,942,1152,1006.22,8.5,7786.29,2026-11-25,Delayed
695,North,Mini Truck,1109,1291,8491.82,8.7,17143.55,2026-11-26,Delayed
696,South,Truck,956,565,6853.59,6.9,11325.7,2026-11-27,On Time
697,West,Truck,131,442,12668.12,1.72,7428.64,2026-11-28,On Time
698,South,Truck,1056,680,2829.85,4.81,11193.97,2026-11-29,On Time
699,South,Van,519,3766,862.09,4.21,13021.77,2026-11-30,On Time
700,South,Container,951,1897,7011.06,6.46,9851.11,2026-12-01,On Time
701,East,Mini Truck,617,2705,3943.44,5.32,11548.79,2026-12-02,On Time
702,East,Container,253,1029,1219.41,2.75,5035.56,2026-12-03,On Time
703,South,Container,621,4579,11006.68,4.63,16208.38,2026-12-04,On Time
704,West,Container,333,3452,2118.1,1.57,12372.67,2026-12-05,On Time
705,North,Truck,585,3921,9320.63,3.81,13692.73,2026-12-06,On Time
706,West,Mini Truck,1055,327,4575.22,7.84,12889.52,2026-12-07,Delayed
707,Central,Mini Truck,228,282,3015.69,4.48,5036.87,2026-12-08,On Time
708,East,Container,1057,1602,6006.4,7.27,16053.52,2026-12-09,Delayed
709,North,Truck,1063,3320,12120.96,7.73,17925.55,2026-12-10,Delayed
710,North,Truck,606,2459,6185.36,5.82,10801.92,2026-12-11,On Time
711,Central,Mini Truck,1034,3562,11386.16,6.43,20444.26,2026-12-12,On Time
712,Central,Truck,1113,75,2319.55,8.05,11666.32,2026-12-13,Delayed
713,South,Truck,1144,510,11705.19,7.12,12896.41,2026-12-14,Delayed
714,East,Truck,717,3814,3935.53,6.35,13225.48,2026-12-15,On Time
715,East,Van,151,3481,10322.2,2.49,11821.84,2026-12-16,On Time
716,West,Container,1175,3533,8703.83,8.33,20202.49,2026-12-17,Delayed
717,South,Mini Truck,1063,2044,13972.6,6.62,16641.56,2026-12-18,On Time
718,South,Mini Truck,555,540,6116.18,5.29,4219.28,2026-12-19,On Time
719,South,Van,1033,1122,1459.4,9.32,12442.62,2026-12-20,Delayed
720,South,Container,246,3223,777.75,1.86,6444.23,2026-12-21,On Time
721,East,Mini Truck,1197,265,12489.45,7.81,12518.8,2026-12-22,Delayed
722,East,Truck,841,1773,8108.67,6.4,9177.04,2026-12-23,On Time
723,South,Mini Truck,890,1642,11741.04,7.23,16113.33,2026-12-24,Delayed
724,West,Truck,424,2656,3899.17,3.3,10133.64,2026-12-25,On Time
725,North,Van,221,208,5503.71,1.0,4867.82,2026-12-26,On Time
726,North,Truck,57,4831,936.51,3.18,11313.81,2026-12-27,On Time
727,West,Mini Truck,961,3363,14441.64,7.6,19943.06,2026-12-28,Delayed
728,South,Mini Truck,207,2891,10184.08,1.0,13181.38,2026-12-29,On Time
729,East,Mini Truck,1100,1826,14031.47,7.0,15560.91,2026-12-30,Delayed
730,North,Van,960,2102,4349.7,8.4,13503.57,2026-12-31,Delayed
731,Central,Van,1063,2345,9366.22,8.85,14074.61,2027-01-01,Delayed
732,Central,Container,292,1746,10338.25,4.06,9429.31,2027-01-02,On Time
733,West,Mini Truck,1162,3043,5104.47,7.78,16474.14,2027-01-03,Delayed
734,South,Truck,602,2519,12797.58,4.93,15213.57,2027-01-04,On Time
735,North,Van,535,1996,14233.84,4.34,13524.19,2027-01-05,On Time
736,South,Mini Truck,545,3859,13330.4,5.66,16949.25,2027-01-06,On Time
737,North,Mini Truck,355,2833,11216.47,2.6,13270.43,2027-01-07,On Time
738,West,Van,717,3694,4523.24,4.68,17292.53,2027-01-08,On Time
739,West,Container,1098,2550,4583.43,8.61,14940.26,2027-01-09,Delayed
740,Central,Van,519,3695,14468.72,4.34,14547.02,2027-01-10,On Time
741,South,Van,919,2695,649.13,7.98,13190.82,2027-01-11,Delayed
742,Central,Truck,785,2399,10882.72,5.19,13684.03,2027-01-12,On Time
743,South,Truck,555,1982,10740.57,4.53,14595.14,2027-01-13,On Time
744,Central,Container,181,3344,9529.0,1.58,10574.32,2027-01-14,On Time
745,East,Mini Truck,613,1807,14856.58,4.91,13165.94,2027-01-15,On Time
746,East,Van,178,1166,5022.25,1.01,5423.81,2027-01-16,On Time
747,East,Container,79,2617,5429.59,1.45,8735.48,2027-01-17,On Time
748,East,Truck,934,3549,1644.62,5.25,14334.5,2027-01-18,On Time
749,North,Van,230,542,6920.57,3.47,5312.7,2027-01-19,On Time
750,East,Mini Truck,425,3356,4285.2,4.58,13631.85,2027-01-20,On Time
751,West,Truck,683,669,5479.11,3.56,8300.93,2027-01-21,On Time
752,West,Truck,1152,3282,12601.29,9.23,19802.8,2027-01-22,Delayed
753,North,Truck,1119,3873,14064.53,10.21,21862.54,2027-01-23,Delayed
754,East,Container,561,2430,3193.13,4.66,8003.59,2027-01-24,On Time
755,East,Mini Truck,1017,1596,5901.38,6.51,14515.87,2027-01-25,On Time
756,East,Van,1160,3613,13965.14,10.77,19204.64,2027-01-26,Delayed
757,Central,Container,946,1655,1396.22,5.44,12973.35,2027-01-27,On Time
758,South,Container,887,3802,1839.23,6.45,13198.75,2027-01-28,On Time
759,Central,Container,38,4725,2860.47,1.89,10631.82,2027-01-29,On Time
760,South,Truck,451,1940,9130.59,5.35,12572.45,2027-01-30,On Time
761,East,Mini Truck,759,1325,2681.85,6.08,11490.3,2027-01-31,On Time
762,East,Container,202,2793,14537.11,2.12,12470.46,2027-02-01,On Time
763,Central,Van,132,2543,6977.36,1.28,8165.62,2027-02-02,On Time
764,Central,Mini Truck,500,406,7772.01,3.94,7664.57,2027-02-03,On Time
765,South,Van,1189,919,4076.55,7.1,15723.84,2027-02-04,Delayed
766,West,Mini Truck,850,935,7328.92,6.27,10918.38,2027-02-05,On Time
767,South,Van,1156,2051,10097.75,7.36,15503.11,2027-02-06,Delayed
768,Central,Truck,782,1333,11392.07,4.35,14440.78,2027-02-07,On Time
769,Central,Container,495,669,11431.09,5.51,8970.18,2027-02-08,On Time
770,North,Van,782,932,8879.42,5.35,10536.7,2027-02-09,On Time
771,Central,Mini Truck,990,846,13613.22,5.73,12988.22,2027-02-10,On Time
772,North,Container,1039,3692,12352.41,7.1,18648.98,2027-02-11,Delayed
773,West,Container,1161,3475,11477.2,8.02,19593.45,2027-02-12,Delayed
774,South,Mini Truck,180,1346,1306.28,1.0,5480.84,2027-02-13,On Time
775,South,Van,420,4764,599.73,4.16,13342.87,2027-02-14,On Time
776,North,Truck,217,294,3580.49,1.66,5420.52,2027-02-15,On Time
777,South,Truck,679,2945,10121.09,6.98,14305.57,2027-02-16,On Time
778,Central,Van,1090,979,6462.36,8.08,13353.03,2027-02-17,Delayed
779,East,Container,418,569,6334.89,3.42,8379.95,2027-02-18,On Time
780,North,Container,97,3262,13326.51,1.29,13442.13,2027-02-19,On Time
781,South,Container,143,2459,13485.66,2.19,10941.95,2027-02-20,On Time
782,North,Container,94,57,13683.04,2.64,6122.87,2027-02-21,On Time
783,North,Van,156,2575,5051.23,2.34,6589.13,2027-02-22,On Time
784,East,Container,621,3473,10520.31,4.73,12891.8,2027-02-23,On Time
785,Central,Mini Truck,856,2069,4438.68,6.31,13704.44,2027-02-24,On Time
786,North,Container,519,4640,3263.84,3.78,14321.31,2027-02-25,On Time
787,South,Truck,157,4332,3177.17,2.03,10932.06,2027-02-26,On Time
788,West,Container,69,3717,5460.56,1.0,9045.71,2027-02-27,On Time
789,North,Van,992,3721,6734.39,7.98,19184.94,2027-02-28,Delayed
790,North,Truck,273,2851,12548.76,3.32,11326.39,2027-03-01,On Time
791,East,Van,729,135,2238.42,4.78,9450.85,2027-03-02,On Time
792,Central,Van,582,3165,11156.42,6.63,14450.13,2027-03-03,On Time
793,West,Truck,776,4282,8206.1,5.9,15790.61,2027-03-04,On Time
794,South,Van,566,2518,4675.21,3.61,12030.12,2027-03-05,On Time
795,West,Van,941,3669,7645.88,7.58,17522.01,2027-03-06,Delayed
796,South,Container,600,1686,4849.16,5.23,10761.67,2027-03-07,On Time
797,Central,Mini Truck,68,3633,9143.19,2.27,10515.53,2027-03-08,On Time
798,South,Van,936,4059,6790.74,6.27,17096.42,2027-03-09,On Time
799,East,Van,1117,3376,2883.88,8.16,19791.92,2027-03-10,Delayed
800,East,Van,723,2268,2190.45,5.25,12929.04,2027-03-11,On Time
801,East,Container,280,2267,8427.09,3.61,10874.22,2027-03-12,On Time
802,East,Mini Truck,375,2419,13584.99,1.68,12750.94,2027-03-13,On Time
803,West,Truck,657,3688,5487.39,4.72,15419.32,2027-03-14,On Time
804,Central,Container,762,2553,11128.5,7.46,15797.47,2027-03-15,Delayed
805,South,Container,1029,993,10050.59,6.45,14478.51,2027-03-16,On Time
806,South,Mini Truck,950,2887,14007.55,6.17,17577.79,2027-03-17,On Time
807,East,Mini Truck,660,2710,12404.22,4.72,14765.1,2027-03-18,On Time
808,East,Container,811,2986,8715.78,4.79,10461.88,2027-03-19,On Time
809,North,Truck,631,4494,10026.94,2.8,16814.33,2027-03-20,On Time
810,Central,Container,828,3997,13526.6,5.87,17821.1,2027-03-21,On Time
811,West,Mini Truck,705,1726,6293.02,5.55,14020.56,2027-03-22,On Time
812,South,Truck,207,1246,5238.52,2.6,6587.5,2027-03-23,On Time
813,North,Mini Truck,1004,4155,656.76,6.93,13910.92,2027-03-24,On Time
814,North,Truck,567,2837,12484.99,4.69,14286.43,2027-03-25,On Time
815,South,Van,744,1511,12114.22,6.66,12089.3,2027-03-26,On Time
816,West,Mini Truck,945,3368,2014.59,6.56,15227.22,2027-03-27,On Time
817,North,Mini Truck,895,716,8864.43,5.9,12972.97,2027-03-28,On Time
818,North,Container,637,2226,7227.73,4.76,13601.47,2027-03-29,On Time
819,Central,Mini Truck,433,3793,2221.28,4.48,9944.63,2027-03-30,On Time
820,West,Mini Truck,922,650,14718.24,8.03,14753.4,2027-03-31,Delayed
821,North,Van,182,2702,3613.09,1.88,5926.05,2027-04-01,On Time
822,West,Mini Truck,289,4472,1474.9,3.2,11788.46,2027-04-02,On Time
823,South,Van,651,3874,9125.29,5.46,16191.16,2027-04-03,On Time
824,East,Van,925,3956,11213.57,5.65,19202.46,2027-04-04,On Time
825,North,Van,224,1029,970.43,2.76,4877.58,2027-04-05,On Time
826,Central,Van,601,2501,10051.41,3.37,13899.65,2027-04-06,On Time
827,South,Truck,860,678,8218.23,4.51,14379.89,2027-04-07,On Time
828,West,Container,615,1679,1997.34,5.28,8909.93,2027-04-08,On Time
829,South,Truck,269,3746,3001.6,2.61,10229.53,2027-04-09,On Time
830,North,Mini Truck,894,3480,8735.63,6.67,15000.28,2027-04-10,On Time
831,West,Truck,215,3724,4797.19,2.68,8882.62,2027-04-11,On Time
832,East,Truck,709,3979,14105.58,4.46,17924.17,2027-04-12,On Time
833,South,Mini Truck,1113,2815,12371.73,7.64,20312.51,2027-04-13,Delayed
834,North,Mini Truck,658,4419,14761.72,3.92,17874.68,2027-04-14,On Time
835,Central,Mini Truck,691,4830,4265.23,6.73,15111.95,2027-04-15,On Time
836,West,Truck,1191,165,14560.99,6.76,15461.52,2027-04-16,On Time
837,South,Truck,963,2053,6752.89,6.65,13544.88,2027-04-17,On Time
838,South,Mini Truck,218,742,5539.02,1.67,6438.12,2027-04-18,On Time
839,East,Container,511,3212,1230.07,4.91,8290.64,2027-04-19,On Time
840,East,Container,915,1155,1265.1,6.25,12616.69,2027-04-20,On Time
841,Central,Van,161,3058,10534.16,1.88,9763.82,2027-04-21,On Time
842,Central,Mini Truck,184,2211,7139.97,3.38,9570.34,2027-04-22,On Time
843,North,Van,333,203,3784.56,3.38,3588.1,2027-04-23,On Time
844,North,Container,40,3749,9402.57,2.24,11437.66,2027-04-24,On Time
845,Central,Van,1125,4460,4166.44,6.77,19356.17,2027-04-25,On Time
846,Central,Mini Truck,1174,3836,8875.66,6.62,20028.78,2027-04-26,On Time
847,West,Mini Truck,1003,1114,5708.53,7.18,11401.34,2027-04-27,Delayed
848,East,Mini Truck,324,4250,12441.51,2.98,14895.85,2027-04-28,On Time
849,North,Truck,390,1963,12400.09,4.29,9829.95,2027-04-29,On Time
850,East,Van,872,1266,7421.58,6.26,12293.41,2027-04-30,On Time
851,East,Container,403,2451,5586.88,3.94,11600.03,2027-05-01,On Time
852,Central,Container,464,1822,5757.12,2.45,10855.04,2027-05-02,On Time
853,West,Container,444,2010,12182.86,5.86,12053.78,2027-05-03,On Time
854,South,Truck,180,2830,5258.6,2.34,7263.3,2027-05-04,On Time
855,West,Truck,648,4854,3531.36,5.8,15869.36,2027-05-05,On Time
856,West,Mini Truck,914,4796,1727.98,5.74,16339.87,2027-05-06,On Time
857,East,Container,509,2921,7267.05,4.64,8716.49,2027-05-07,On Time
858,West,Truck,1036,710,7490.92,5.95,14348.77,2027-05-08,On Time
859,North,Mini Truck,346,2685,12693.18,3.87,12401.76,2027-05-09,On Time
860,East,Container,617,2379,3707.96,4.57,12805.96,2027-05-10,On Time
861,North,Van,1034,4004,6024.37,7.27,15943.62,2027-05-11,Delayed
862,South,Mini Truck,308,2500,12221.88,3.91,6926.6,2027-05-12,On Time
863,East,Truck,612,1182,12442.54,3.67,12642.52,2027-05-13,On Time
864,South,Truck,592,749,6076.86,4.1,9623.75,2027-05-14,On Time
865,East,Mini Truck,47,2088,7157.3,2.22,4677.05,2027-05-15,On Time
866,Central,Mini Truck,973,4697,4897.65,9.0,16275.93,2027-05-16,Delayed
867,West,Truck,62,4550,14022.05,1.71,17561.54,2027-05-17,On Time
868,Central,Van,442,4607,2220.33,4.55,11965.2,2027-05-18,On Time
869,South,Container,196,2229,14039.37,2.48,12121.72,2027-05-19,On Time
870,West,Van,548,2888,10416.06,6.49,12585.63,2027-05-20,On Time
871,East,Mini Truck,985,923,8207.8,5.23,10201.77,2027-05-21,On Time
872,West,Van,217,133,973.56,2.8,3220.86,2027-05-22,On Time
873,North,Truck,629,1472,7396.14,3.37,10630.24,2027-05-23,On Time
874,West,Mini Truck,861,2725,6412.35,3.78,13820.0,2027-05-24,On Time
875,North,Container,872,3230,2837.67,6.64,13842.22,2027-05-25,On Time
876,West,Truck,41,4366,10017.94,1.87,11979.68,2027-05-26,On Time
877,North,Truck,1155,4025,14581.69,7.63,21355.92,2027-05-27,Delayed
878,South,Container,1100,1441,8651.74,7.5,13293.6,2027-05-28,Delayed
879,Central,Container,1109,3268,10863.92,10.76,19505.65,2027-05-29,Delayed
880,East,Van,861,4257,1492.53,6.03,12071.83,2027-05-30,On Time
881,West,Mini Truck,117,664,6556.17,2.66,2351.12,2027-05-31,On Time
882,Central,Container,1187,3021,2187.2,7.45,17101.79,2027-06-01,Delayed
883,East,Container,454,3615,9385.54,4.32,14299.97,2027-06-02,On Time
884,East,Mini Truck,656,3626,14107.99,4.91,16738.7,2027-06-03,On Time
885,North,Container,1129,4620,10095.78,7.36,18602.35,2027-06-04,Delayed
886,South,Container,607,320,1613.64,6.69,6038.91,2027-06-05,On Time
887,South,Van,363,4116,5642.66,4.69,11858.81,2027-06-06,On Time
888,Central,Truck,590,2518,8484.62,4.91,10272.78,2027-06-07,On Time
889,South,Truck,630,1440,6346.51,2.7,9512.74,2027-06-08,On Time
890,West,Truck,262,3404,12587.84,2.59,13786.24,2027-06-09,On Time
891,South,Truck,580,4185,12312.73,7.43,18567.91,2027-06-10,Delayed
892,Central,Container,979,3657,9371.55,6.71,17168.39,2027-06-11,On Time
893,South,Mini Truck,51,2633,5915.14,2.89,8762.53,2027-06-12,On Time
894,West,Mini Truck,410,4123,4202.38,5.22,9264.24,2027-06-13,On Time
895,North,Van,296,3125,2035.18,3.36,9956.99,2027-06-14,On Time
896,Central,Van,551,3956,5646.02,3.72,12312.18,2027-06-15,On Time
897,North,Container,1197,339,6491.0,5.71,14017.37,2027-06-16,On Time
898,North,Mini Truck,402,2530,10299.43,4.42,11444.17,2027-06-17,On Time
899,North,Mini Truck,1111,3302,10043.32,6.86,20536.78,2027-06-18,On Time
900,East,Truck,903,328,1516.57,6.69,8135.15,2027-06-19,On Time
901,East,Container,233,2974,6231.26,1.54,10647.35,2027-06-20,On Time
902,North,Container,395,630,3135.79,3.43,5983.27,2027-06-21,On Time
903,Central,Truck,763,303,2773.78,5.77,8491.87,2027-06-22,On Time
904,West,Container,232,4326,12495.88,3.06,13642.78,2027-06-23,On Time
905,West,Container,98,4826,1107.77,1.0,8342.21,2027-06-24,On Time
906,South,Van,647,874,6578.15,6.29,9968.2,2027-06-25,On Time
907,Central,Mini Truck,623,3882,2938.95,4.36,12941.66,2027-06-26,On Time
908,East,Container,801,749,13250.29,4.28,13730.96,2027-06-27,On Time
909,North,Van,1020,1430,8577.09,7.06,14633.74,2027-06-28,Delayed
910,South,Mini Truck,699,3946,3855.02,5.42,15257.25,2027-06-29,On Time
911,West,Truck,77,1723,7785.2,2.09,8510.58,2027-06-30,On Time
912,East,Van,1069,2777,11106.55,8.8,16228.86,2027-07-01,Delayed
913,East,Van,900,3206,14392.71,6.26,19549.61,2027-07-02,On Time
914,North,Mini Truck,466,3438,3696.47,3.97,9599.26,2027-07-03,On Time
915,West,Truck,85,4357,13349.64,1.0,13969.66,2027-07-04,On Time
916,Central,Van,1087,433,14047.41,8.36,16391.7,2027-07-05,Delayed
917,East,Container,1140,391,13788.1,8.02,12865.36,2027-07-06,Delayed
918,North,Container,1031,2037,9713.51,6.81,16042.7,2027-07-07,On Time
919,Central,Container,246,4109,9632.4,1.0,12000.1,2027-07-08,On Time
920,West,Truck,793,4989,6346.55,7.35,16110.65,2027-07-09,Delayed
921,East,Van,698,3159,11409.77,4.15,17542.2,2027-07-10,On Time
922,Central,Container,620,4132,8203.76,4.35,14248.8,2027-07-11,On Time
923,Central,Truck,398,4565,10322.85,4.07,13634.93,2027-07-12,On Time
924,Central,Container,728,2848,6712.64,4.35,13758.97,2027-07-13,On Time
925,East,Mini Truck,326,3290,11106.7,1.82,13658.73,2027-07-14,On Time
926,East,Van,798,2038,12454.84,3.81,14787.72,2027-07-15,On Time
927,South,Van,523,3464,2623.33,5.13,13247.72,2027-07-16,On Time
928,West,Truck,287,1899,12577.48,2.55,11543.08,2027-07-17,On Time
929,North,Truck,27,355,8334.3,4.58,1598.19,2027-07-18,On Time
930,Central,Van,527,3663,12747.66,3.43,14577.98,2027-07-19,On Time
931,South,Container,495,2799,6753.87,3.33,10879.59,2027-07-20,On Time
932,North,Container,183,1185,5996.09,1.95,7259.17,2027-07-21,On Time
933,South,Mini Truck,504,255,13768.38,4.54,6496.21,2027-07-22,On Time
934,East,Container,1115,4641,4141.95,7.22,22354.7,2027-07-23,Delayed
935,Central,Truck,586,3500,12741.08,5.37,16393.92,2027-07-24,On Time
936,North,Truck,924,3861,7518.3,5.65,17238.22,2027-07-25,On Time
937,North,Container,578,3672,7954.38,3.33,15888.39,2027-07-26,On Time
938,North,Truck,257,3649,4972.79,1.13,13985.46,2027-07-27,On Time
939,North,Van,1147,2601,8809.11,5.65,18666.81,2027-07-28,On Time
940,North,Van,573,4358,5215.56,4.17,15569.67,2027-07-29,On Time
941,South,Container,847,359,1069.41,5.9,9084.83,2027-07-30,On Time
942,Central,Van,487,2758,4443.98,3.57,10576.1,2027-07-31,On Time
943,East,Van,405,2041,592.5,4.99,6995.18,2027-08-01,On Time
944,East,Mini Truck,794,321,14686.14,7.14,11934.48,2027-08-02,Delayed
945,East,Mini Truck,867,3692,14503.33,5.98,17719.65,2027-08-03,On Time
946,East,Van,406,4136,6229.75,1.96,10806.58,2027-08-04,On Time
947,South,Container,896,1872,11061.38,5.91,14933.67,2027-08-05,On Time
948,West,Mini Truck,278,3323,5514.19,2.44,7811.46,2027-08-06,On Time
949,Central,Truck,302,4588,10230.85,2.52,14365.17,2027-08-07,On Time
950,North,Truck,59,4399,12178.74,1.13,12478.56,2027-08-08,On Time
951,West,Truck,505,570,14227.97,3.65,11295.19,2027-08-09,On Time
952,East,Container,948,1026,6303.08,6.38,11745.88,2027-08-10,On Time
953,West,Van,239,3772,11857.82,2.19,17535.53,2027-08-11,On Time
954,Central,Truck,1172,3601,4355.96,8.22,19542.26,2027-08-12,Delayed
955,North,Container,1034,4155,14859.82,7.6,19038.62,2027-08-13,Delayed
956,North,Mini Truck,1043,2823,873.66,6.38,14433.58,2027-08-14,On Time
957,Central,Van,632,2602,9251.17,6.28,12484.9,2027-08-15,On Time
958,Central,Mini Truck,947,2882,10062.84,5.78,15099.27,2027-08-16,On Time
959,East,Container,707,3957,10476.66,3.81,14448.22,2027-08-17,On Time
960,North,Truck,632,202,2245.62,5.39,7993.29,2027-08-18,On Time
961,West,Truck,279,3014,14108.68,2.23,11868.97,2027-08-19,On Time
962,South,Container,1009,2966,3127.16,7.43,16267.24,2027-08-20,Delayed
963,South,Truck,985,2850,9529.92,4.57,18181.15,2027-08-21,On Time
964,Central,Van,385,1802,3728.8,5.03,10348.95,2027-08-22,On Time
965,East,Container,563,2660,4954.64,5.3,10149.54,2027-08-23,On Time
966,South,Mini Truck,668,3925,8423.65,3.71,16092.83,2027-08-24,On Time
967,North,Container,833,1154,6549.3,4.65,12835.94,2027-08-25,On Time
968,Central,Van,1059,2586,2823.27,9.06,13827.88,2027-08-26,Delayed
969,West,Van,1172,4249,2978.58,7.27,16834.34,2027-08-27,Delayed
970,Central,Container,594,3904,6563.1,3.97,16519.37,2027-08-28,On Time
971,West,Container,1152,3544,11480.6,5.63,20091.45,2027-08-29,On Time
972,Central,Truck,1032,1964,13520.49,6.88,18088.12,2027-08-30,On Time
973,Central,Van,689,3122,1719.85,5.1,10763.83,2027-08-31,On Time
974,Central,Container,288,1056,6200.01,3.82,5429.08,2027-09-01,On Time
975,West,Container,943,456,1953.56,5.34,9257.57,2027-09-02,On Time
976,West,Van,1145,216,740.59,6.34,10757.17,2027-09-03,On Time
977,Central,Container,266,558,10094.92,3.43,6101.89,2027-09-04,On Time
978,South,Truck,150,1711,9235.52,3.34,8184.16,2027-09-05,On Time
979,East,Van,372,3714,2863.78,2.0,8216.56,2027-09-06,On Time
980,East,Truck,215,3539,3890.29,3.78,7910.03,2027-09-07,On Time
981,East,Truck,949,4908,843.76,6.81,17455.68,2027-09-08,On Time
982,West,Truck,1041,730,12606.73,8.38,15941.04,2027-09-09,Delayed
983,West,Truck,664,2574,14633.01,5.12,14906.74,2027-09-10,On Time
984,South,Van,246,2170,2464.16,1.0,5758.81,2027-09-11,On Time
985,East,Truck,720,4727,3856.39,5.35,13859.13,2027-09-12,On Time
986,East,Truck,284,4407,13091.94,4.14,14104.78,2027-09-13,On Time
987,Central,Container,665,1413,13933.73,4.3,14483.08,2027-09-14,On Time
988,West,Van,230,1381,6584.6,2.39,8808.48,2027-09-15,On Time
989,East,Van,962,2342,1234.03,6.67,12096.11,2027-09-16,On Time
990,South,Mini Truck,476,1588,1071.18,1.24,6034.67,2027-09-17,On Time
991,South,Van,744,3458,8822.27,7.3,15828.56,2027-09-18,Delayed
992,East,Van,1001,610,6196.98,6.16,11056.64,2027-09-19,On Time
993,West,Mini Truck,1174,1149,915.46,8.53,11858.53,2027-09-20,Delayed
994,South,Van,607,1953,8957.16,4.79,14108.42,2027-09-21,On Time
995,Central,Van,495,224,663.89,5.51,6969.03,2027-09-22,On Time
996,South,Van,1005,2206,11916.89,7.49,16956.87,2027-09-23,Delayed
997,North,Van,175,2280,4943.28,2.24,5842.27,2027-09-24,On Time
998,North,Mini Truck,209,4337,1083.74,1.77,10073.9,2027-09-25,On Time
999,West,Van,1000,4210,9031.11,7.85,20269.87,2027-09-26,Delayed
1000,East,Van,565,3970,6266.42,2.77,13304.8,2027-09-27,On Time
